229,1964_,222_1964,MAR,15,08:00:00.4,STS-D,49.82083,78.09861,
230,1964_,223_1964,MAY,16,06:00:59.8,STS-D,49.81778,78.09389,
231,1964_,224_1964,JUN,6,00:00:00.0,STS-D,49.77472,77.98806,
232,1964_,225_1964,JUL,19,06:00:00.6,STS-D,49.81500,78.09306,
233,1964_,226_1964,AUG,18,06:00:00.0,STS-D,49.82056,78.08194,
234,1964_,227_1964,SEP,18,08:00:00.4,NZ-NS,73.66700,54.53300,
235,1964_,228_1964,SEP,30,00:00:00.0,STS-D,49.82083,78.09861,
236,1964_,229_1964,OCT,25,07:59:58.1,NZ-NS,73.38700,54.98500,
237,1964_,230_1964,NOV,16,06:00:00.2,STS-D,49.81389,78.13361,
238,1965_,231_Chagan_1965,JAN,15,06:00:00.8,STS-B,49.93500,79.00936,
239,1965_,232_1965,FEB,4,06:00:00.0,STS-D,49.77306,77.99139,
240,1965_,233_1965,MAR,3,06:14:59.4,STS-D,49.82972,78.05750,
241,1965_,234_1965,MAR,27,06:30:00.0,STS-D,49.77472,77.98806,
242,1965_,235_Butan-1_1965,MAR,30,08:00:00.0,-RU-BK,52.90000,56.50000,
243,1965_,235_Butan-2_1965,MAR,30,08:00:00,-RU-BK,52.90000,56.50000,
244,1965_,236_1965,MAY,11,06:40:00.2,STS-D,49.77306,77.99139,
245,1965_,237_Butan_1965,JUN,10,07:00:00.0,-RU-BK,52.90000,56.50000,
246,1965_,238_1965,JUN,17,03:45:00.0,STS-D,49.83056,78.05778,
247,1965_,239_1965,JUL,29,03:05:00.2,STS-D,49.78500,77.99694,
248,1965_,240_1965,SEP,17,04:00:00.1,STS-D,49.81722,78.14250,
249,1965_,241_1965,OCT,8,06:00:00.4,STS-D,49.83056,78.10139,
250,1965_,242_Sary-Uzen_1965,OCT,14,04:00:00.2,STS-SU,49.99064,77.63572,
251,1965_,243_1965,NOV,21,04:58:00.0,STS-D,49.82833,78.05972,
252,1965_,244_1965,DEC,24,05:00:00.2,STS-D,49.81167,78.10750,
253,1966_,245_1966,FEB,13,04:58:00.1,STS-D,49.81417,78.13083,
254,1966_,246_1966,MAR,20,05:50:00.3,STS-D,49.75167,78.00833,
255,1966_,247_1966,APR,21,03:58:00.1,STS-D,49.81778,78.09389,
256,1966_,248_Galit_1966,APR,22,02:58:00.3,-KZ-BA,47.82900,47.93500,
257,1966_,249_1966,MAY,7,03:58:00.2,STS-D,49.73611,78.10722,
258,1966_,250_1966,JUN,29,06:58:00.5,STS-D,49.83917,78.07083,
259,1966_,251_1966,JUL,21,03:58:00.0,STS-D,49.73556,78.10472,
260,1966_,252_1966,AUG,5,03:57:59.6,STS-D,49.75889,78.04861,
261,1966_,253_1966,AUG,19,03:52:59.9,STS-D,49.83056,78.10139,
262,1966_,254_1966,SEP,7,03:51:59.7,STS-D,49.83056,78.05778,
263,1966_,255_Urta-Bulak_1966,SEP,30,05:59:51.0,-UZ,38.96800,64.51700,
264,1966_,256_1966,OCT,19,03:57:59.9,STS-D,49.74194,78.02556,
265,1966_,258_1966,OCT,27,05:57:58.1,NZ-NS,73.38700,54.83600,
266,1966_,257_1966,OCT,27,06:00,NZ-NS,73.40000,54.80000,
267,1966_,259_1966,OCT,29,03:58:00.0,STS-D,49.78472,77.99944,
268,1966_,260_1966,NOV,19,03:58:00.0,STS-D,49.82972,78.05750,
269,1966_,261_1966,DEC,3,05:02:00.2,STS-D,49.74028,78.03083,
270,1966_,261_1966,DEC,3,05:02:00.2,STS-D,49.74028,78.03083,
271,1966_,262_1966,DEC,18,04:58:00.0,STS-SU,49.92458,77.74722,
272,1967_,263_1967,JAN,30,04:01:59.5,STS-D,49.77306,77.99000,
273,1967_,263_1967,JAN,30,04:01:59.5,STS-D,49.77306,77.99000,
274,1967_,264_1967,FEB,26,03:57:59.8,STS-D,49.73944,78.08639,
275,1967_,265_1967,MAR,25,05:58:01.1,STS-D,49.75333,78.05361,
276,1967_,265_1967,MAR,25,05:58:01.1,STS-D,49.75333,78.05361,
277,1967_,266_1967,APR,20,04:08:00.0,STS-D,49.73611,78.10722,
278,1967_,267_1967,MAY,28,04:07:59.6,STS-D,49.75167,78.00833,
279,1967_,267_1967,MAY,28,04:07:59.6,STS-D,49.75167,78.00833,
280,1967_,268_1967,JUN,29,02:56:59.9,STS-D,49.82222,78.04333,
281,1967_,269_1967,JUL,15,03:26:59.9,STS-D,49.84417,78.11556,
282,1967_,270_1967,AUG,4,06:58:00.3,STS-D,49.75444,78.05028,
283,1967_,270_1967,AUG,4,06:58:00.3,STS-D,49.75444,78.05028,
284,1967_,271_1967,SEP,2,04:04:00.0,STS-D,49.74194,78.02556,
285,1967_,272_1967,SEP,16,04:04:00.3,STS-SU,49.93719,77.72811,
286,1967_,273_1967,SEP,22,05:03:59.0,STS-SU,49.95964,77.69106,
287,1967_,274_Tavda_1967,OCT,6,06:59:57.5,-RU-T,57.70000,65.20000,
288,1967_,275_1967,OCT,17,05:04:00.2,STS-D,49.78444,77.99778,
289,1967_,275_1967,OCT,17,05:04:00.2,STS-D,49.78444,77.99778,
290,1967_,276_1967,OCT,21,04:59:58.49,NZ-NS,73.39000,54.81000,
291,1967_,276_1967,OCT,21,04:59:59,NZ-NS,73.40000,54.80000,
292,1967_,277_1967,OCT,30,06:04:00.0,STS-D,49.79722,77.99944,
293,1967_,278_1967,NOV,22,04:03:59.9,STS-SU,49.94194,77.68683,
294,1967_,279_1967,DEC,8,06:03:59.8,STS-D,49.81833,78.17083,
295,1968_,280_1968,JAN,7,03:46:59.9,STS-D,49.75389,78.04694,
296,1968_,281_1968,APR,24,10:35:59.7,STS-D,49.84167,78.10722,
297,1968_,282_Pamuk_1968,MAY,21,03:59:12.0,-UZ,38.91800,65.03200,
298,1968_,283_1968,MAY,23,00:00:00.0,STS-D,49.83333,78.09278,
299,1968_,284_1968,JUN,11,03:05:59.7,STS-D,49.79861,78.15000,
300,1968_,285_1968,JUN,19,05:05:59.8,STS-B,49.98025,78.98550,
301,1968_,286_Galit_1968,JUL,1,04:02:00.5,-KZ-BA,47.90900,47.91200,
302,1968_,287_1968,JUL,12,12:08:00.0,STS-D,49.75556,78.09917,
303,1968_,287_1968,JUL,12,12:08:00.0,STS-D,49.75556,78.09917,
304,1968_,288_1968,AUG,20,04:05:59.6,STS-D,49.82056,78.08111,
305,1968_,288_1968,AUG,20,04:05:59.6,STS-D,49.82056,78.08111,
306,1968_,289_1968,SEP,5,04:05:59.6,STS-D,49.73806,78.08083,
307,1968_,290_Argon_1968,SEP,29,03:43:00.0,STS-D,49.80417,78.10556,
308,1968_,291_Telkem-1_1968,OCT,21,03:52:00.0,STS-T,49.72786,78.48628,
309,1968_,292_1968,OCT,29,03:54:00.0,STS-D,49.83333,78.09278,
310,1968_,293_1968,NOV,7,10:02:05.49,NZ-NS,73.38700,54.85800,
311,1968_,293_1968,NOV,7,10:02:05.5,NZ-NS,73.38700,54.85800,
312,1968_,293_1968,NOV,7,10:02:05.5,NZ-NS,73.38700,54.85800,
313,1968_,294_1968,NOV,9,02:54:00.1,STS-D,49.79972,78.14444,
314,1968_,295_Telkem-2_1968,NOV,12,07:30:00.0,STS-T,49.71200,78.46100,
315,1968_,295_Telkem-2_1968,NOV,12,07:30:00,STS-T,49.70000,78.50000,
316,1968_,295_Telkem-2_1968,NOV,12,07:30:00,STS-T,49.70000,78.50000,
317,1968_,296_1968,DEC,18,05:01:59.7,STS-D,49.74083,78.08778,
318,1969_,297_1969,MAR,7,08:26:59.8,STS-D,49.82833,78.05972,
319,1969_,298_1969,APR,4,04:57:00.0,STS-D,49.75333,78.05361,
320,1969_,299_1969,APR,13,00:00:00.0,STS-D,49.73556,78.10472,
321,1969_,300_1969,MAY,16,04:02:59.7,STS-D,49.76778,78.08167,
322,1969_,301_1969,MAY,31,05:01:59.4,STS-SU,49.95031,77.69422,
323,1969_,302_1969,JUL,4,02:46:59.6,STS-D,49.75417,78.10917,
324,1969_,302_1969,JUL,4,02:46:59.6,STS-D,49.75417,78.10917,
325,1969_,303_1969,JUL,23,02:47:00.2,STS-D,49.81972,78.13722,
326,1969_,304_Grifon-1_1969,SEP,2,04:59:58.6,-RU-P,57.22000,55.39300,
327,1969_,305_Grifon-2_1969,SEP,8,04:59:58.7,-RU-P,57.22000,55.41700,
328,1969_,306_1969,SEP,11,04:02:00.0,STS-D,49.77778,77.98639,
329,1969_,306_1969,SEP,11,04:02:00.0,STS-D,49.77778,77.98639,
330,1969_,307_1969,SEP,26,06:59:58.1,-RU,45.84800,42.60000,
331,1969_,308_1969,OCT,1,04:02:59.9,STS-D,49.78639,78.10806,
332,1969_,308_1969,OCT,1,04:02:59.9,STS-D,49.78639,78.10806,
333,1969_,309_1969,OCT,14,07:00:06.61,NZ-NS,73.39000,54.78700,
334,1969_,309_1969,OCT,14,07:00:06.6,NZ-NS,73.39000,54.78700,
335,1969_,309_1969,OCT,14,07:00:07,NZ-NS,73.40000,54.80000,
336,1969_,310_1969,OCT,30,00:00:00.0,STS-D,49.84417,78.11556,
337,1969_,311_1969,NOV,27,05:02:00.0,STS-D,49.83667,78.05972,
338,1969_,312_1969,NOV,30,03:32:59.7,STS-B,49.92428,78.95575,
339,1969_,313_Say-Utes-1_1969,DEC,6,07:02:59.9,-KZ-MA,43.86700,54.80000,
340,1969_,314_1969,DEC,28,03:47:00.2,STS-SU,49.93733,77.71422,
341,1969_,315_1969,DEC,29,04:02:00.0,STS-D,49.73222,78.10444,
342,1970_,316_1970,JAN,29,07:03:00.0,STS-D,49.79222,78.11306,
343,1970_,316_1970,JAN,29,07:03:00.0,STS-D,49.79222,78.11306,
344,1970_,316_1970,JAN,29,07:03:00.0,STS-D,49.79222,78.11306,
345,1970_,317_1970,FEB,18,00:00:00.0,STS-D,49.73083,78.10250,
346,1970_,318_1970,MAR,27,05:02:59.6,STS-D,49.74444,78.00333,
347,1970_,319_1970,MAY,27,04:03:00.0,STS-D,49.73139,78.10111,
348,1970_,320_Magistral_1970,JUN,25,04:59:55.5,-RU-O,52.20000,55.70000,
349,1970_,321_1970,JUN,28,01:58:00.0,STS-D,49.79333,78.11306,
350,1970_,322_1970,JUN,28,01:58,STS-D,49.78222,78.05333,
351,1970_,322_1970,JUN,28,01:58,STS-D,49.78222,78.05333,
352,1970_,323_1970,JUL,21,03:02:59.7,STS-SU,49.95242,77.67289,
353,1970_,324_1970,JUL,24,03:57:00.0,STS-D,49.81361,78.13222,
354,1970_,325_1970,SEP,6,04:03,STS-D,49.78889,77.99750,
355,1970_,326_1970,SEP,6,04:02:59.9,STS-D,49.75250,78.00528,
356,1970_,327_1970,OCT,14,05:59:57.57,NZ-NS,73.30400,55.02700,
357,1970_,327_1970,OCT,14,05:59:57.6,NZ-NS,73.30400,55.02700,
358,1970_,327_1970,OCT,14,05:59:57.6,NZ-NS,73.30400,55.02700,
359,1970_,328_1970,NOV,4,06:02:59.8,STS-SU,49.98922,77.76244,
360,1970_,329_Say-Utes-2_1970,DEC,12,07:00:59.8,-KZ-MA,43.85000,54.80000,
361,1970_,330_1970,DEC,17,07:01:00.0,STS-D,49.75194,78.10167,
362,1970_,331_Say-Utes-3_1970,DEC,23,07:00:59.8,-KZ-MA,44.02500,54.93300,
363,1971_,332_1971,JAN,29,05:03:00.0,STS-D,49.80528,78.16861,
364,1971_,333_1971,MAR,22,04:33:00.3,STS-D,49.79333,78.11306,
365,1971_,334_1971,MAR,22,04:33,STS-D,49.77444,78.08278,
366,1971_,335_Taiga_1971,MAR,23,06:59:58.4,-RU-P,61.40000,56.20000,
367,1971_,335_Taiga_1971,MAR,23,06:59:58,-RU-P,61.40000,56.20000,
368,1971_,335_Taiga_1971,MAR,23,06:59:58,-RU-P,61.40000,56.20000,
369,1971_,336_1971,APR,9,02:33:00.0,STS-D,49.83222,78.03861,
370,1971_,337_1971,APR,25,03:32:59.9,STS-D,49.78028,78.03667,
371,1971_,338_1971,MAY,25,04:03:00.4,STS-D,49.80417,78.14500,
372,1971_,339_1971,JUN,6,04:02:59.7,STS-SU,49.97542,77.66028,
373,1971_,340_1971,JUN,19,04:04:00.1,STS-SU,49.96903,77.64081,
374,1971_,341_1971,JUN,30,03:56:59.8,STS-B,49.94600,78.98047,
375,1971_,342_Globus-4_1971,JUL,2,17:00:01.1,-RU,67.28300,63.46700,
376,1971_,343_Globus-3_1971,JUL,10,17:00:01.4,-RU,64.16700,55.26700,
377,1971_,344_Globus-1_1971,SEP,19,11:00:01.1,-RU,57.50800,42.64300,
378,1971_,345_1971,SEP,27,05:59:55.75,NZ-NS,73.39300,54.92000,
379,1971_,345_1971,SEP,27,05:59:55.8,NZ-NS,73.39300,54.92000,
380,1971_,345_1971,SEP,27,05:59:55.8,NZ-NS,73.39300,54.92000,
381,1971_,345_1971,SEP,27,05:59:55.8,NZ-NS,73.39300,54.92000,
382,1971_,346_Globus-2_1971,OCT,4,10:00:00.1,-RU-A,61.35800,48.09200,
383,1971_,347_1971,OCT,9,06:02:59.7,STS-SU,49.97789,77.64144,
384,1971_,348_1971,OCT,21,06:02:59.7,STS-SU,49.97381,77.59733,
385,1971_,349_Sapfir-1_1971,OCT,22,05:00:01.0,-RU-O,51.60000,54.45000,
386,1971_,350_1971,NOV,29,06:02:59.9,STS-D,49.73778,78.08139,
387,1971_,350_1971,NOV,29,06:02:59.9,STS-D,49.73778,78.08139,
388,1971_,351_1971,DEC,15,07:53:59.8,STS-D,49.83056,77.99333,
389,1971_,352_Galit_1971,DEC,22,06:59:59.0,-KZ-BA,47.89700,48.13300,
390,1971_,353_1971,DEC,30,06:21:00.2,STS-D,49.74917,78.00611,
391,1971_,354_1971,DEC,30,06:21,STS-D,49.75500,78.04750,
392,1972_,355_1972,FEB,10,05:03:00.0,STS-B,50.02428,78.87808,
393,1972_,356_1972,MAR,10,04:56:59.8,STS-D,49.75194,78.11806,
394,1972_,356_1972,MAR,10,04:56:59.8,STS-D,49.75194,78.11806,
395,1972_,357_1972,MAR,28,04:22:00.1,STS-D,49.73417,78.08250,
396,1972_,357_1972,MAR,28,04:22:00.1,STS-D,49.73417,78.08250,
397,1972_,357_1972,MAR,28,04:22:00.1,STS-D,49.73417,78.08250,
398,1972_,358_Crater_1972,APR,11,06:00:01.9,-TU,37.35000,62.05000,
399,1972_,359_1972,APR,20,00:00:00.0,STS-D,49.84167,78.10722,
400,1972_,360_1972,JUN,7,01:28,STS-D,49.83167,78.10944,
401,1972_,361_1972,JUN,7,01:28:00.0,STS-D,49.77306,77.99000,
402,1972_,362_1972,JUL,6,01:03:00.0,STS-D,49.73611,78.10917,
403,1972_,363_Fakel_1972,JUL,9,07:00:01.3,-UK,49.80000,35.40000,
404,1972_,364_1972,JUL,27,10:00,NZ-SS,70.80000,53.80000,
405,1972_,365_1972,AUG,16,03:16:59.8,STS-D,49.77056,78.05722,
406,1972_,366_Region-3_1972,AUG,20,03:00:00.0,-KZ,49.40000,48.14200,
407,1972_,367_1972,AUG,26,03:46:59.7,STS-SU,49.98197,77.71661,
408,1972_,368_1972,AUG,28,05:59:56.87,NZ-NS,73.38800,54.84700,
409,1972_,368_1972,AUG,28,05:59:56.9,NZ-NS,73.38800,54.84700,
410,1972_,368_1972,AUG,28,05:59:56.9,NZ-NS,73.38800,54.84700,
411,1972_,368_1972,AUG,28,05:59:56.9,NZ-NS,73.38800,54.84700,
412,1972_,369_1972,SEP,2,08:56:59.9,STS-SU,49.95942,77.64089,
413,1972_,370_Dnepr-1_1972,SEP,4,07:00:00.0,-RU-M,67.75000,33.10000,
414,1972_,371_Region-1_1972,SEP,21,09:00:00.3,-RU-O,52.11800,52.06800,
415,1972_,372_Region-4_1972,OCT,3,09:00:00.2,-RU,46.85300,44.93800,
416,1972_,373_1972,NOV,2,01:27:00.2,STS-B,49.92697,78.81725,
417,1972_,374_Region-2_1972,NOV,24,09:00:00.0,-RU-O,51.99000,51.86700,
418,1972_,375_Region-5_1972,NOV,24,10:00:00.2,-KZ,51.84200,64.21000,
419,1972_,376_1972,DEC,10,04:27:00.0,STS-D,49.82611,78.09194,
420,1972_,376_1972,DEC,10,04:27:00,STS-D,49.82806,78.05806,
421,1972_,377_1972,DEC,10,04:27:10.0,STS-B,50.02700,78.99556,
422,1972_,378_1972,DEC,28,04:27:00.0,STS-D,49.73611,78.10722,
423,1973_,379_1973,FEB,16,05:03:00.0,STS-D,49.81583,78.10667,
424,1973_,380_1973,APR,19,04:32:59.92,STS-SU,49.98400,77.61400,
425,1973_,381_1973,JUL,10,01:27:00.15,STS-D,49.79111,78.01278,
426,1973_,381_1973,JUL,10,01:27:00.2,STS-D,49.79111,78.01278,
427,1973_,381_1973,JUL,10,01:27:00.2,STS-D,49.79111,78.01278,
428,1973_,382_1973,JUL,23,01:23:00.16,STS-B,49.96889,78.81750,
429,1973_,383_Meridian-3_1973,AUG,15,02:00:00.0,-KZ,42.77500,67.40800,
430,1973_,384_Meridian-1_1973,AUG,28,03:00:00.0,-KZ,50.52700,68.32300,
431,1973_,385_1973,SEP,12,06:59:54.81,NZ-NS,73.31400,55.05600,
432,1973_,385_1973,SEP,12,06:59:54.8,NZ-NS,73.31400,55.05600,
433,1973_,385_1973,SEP,12,06:59:54.8,NZ-NS,73.31400,55.05600,
434,1973_,385_1973,SEP,12,06:59:54.8,NZ-NS,73.31400,55.05600,
435,1973_,386_Meridian-2_1973,SEP,19,03:00:00.2,-KZ,45.75800,67.82500,
436,1973_,387_1973,SEP,20,00:00:00.0,STS-B,49.96167,78.85556,
437,1973_,388_1973,SEP,27,07:00:01.12,NZ-SS,70.73100,53.83600,
438,1973_,389_Sapfir-2_1973,SEP,30,05:00:00.4,-RU-O,51.65000,54.55000,
439,1973_,391_1973,OCT,26,04:27:00.14,STS-D,49.75222,78.13250,
440,1973_,390_Kama-2_1973,OCT,26,05:59:59.5,-RU-BK,53.65000,55.40000,
441,1973_,392_1973,OCT,27,07:00:00.61,NZ-SS,70.78000,54.03500,
442,1973_,393_1973,NOV,4,03:57:00.0,STS-B,50.06306,78.93306,
443,1973_,394_1973,DEC,14,07:46:59.67,STS-B,50.04381,78.98569,
444,1973_,395_1973,DEC,31,04:03:00.0,STS-D,49.73944,78.08639,
445,1974_,396_1974,JAN,30,04:57:04.6,STS-D,49.82333,78.04167,
446,1974_,396_1974,JAN,30,04:57:04.6,STS-D,49.82333,78.04167,
447,1974_,396_1974,JAN,30,04:57:04.6,STS-D,49.82333,78.04167,
448,1974_,397_1974,FEB,28,00:00:00.0,STS-D,49.83167,78.10944,
449,1974_,398_1974,APR,16,05:52:59.84,STS-B,50.02444,78.92639,
450,1974_,399_1974,MAY,16,03:03:00.1,STS-D,49.73972,78.03583,
451,1974_,400_1974,MAY,31,03:27:00.02,STS-B,49.96056,78.84417,
452,1974_,401_1974,JUN,25,03:57:00.2,STS-D,49.83056,78.10139,
453,1974_,402_Kama-1_1974,JUL,8,06:00:00.0,-RU-BK,53.70000,55.10000,
454,1974_,403_1974,JUL,10,02:57:00.0,STS-D,49.77722,78.11250,
455,1974_,404_1974,JUL,29,03:28:00.0,STS-B,49.93750,78.93583,
456,1974_,405_Gorizont-2_1974,AUG,14,15:00:00.2,-RU-T,68.90300,75.82300,
457,1974_,407_1974,AUG,29,09:59:56.2,NZ-NS,73.39700,54.90500,
458,1974_,407_1974,AUG,29,09:59:56.2,NZ-NS,73.39700,54.90500,
459,1974_,407_1974,AUG,29,09:59:56.2,NZ-NS,73.39700,54.90500,
460,1974_,407_1974,AUG,29,09:59:56.2,NZ-NS,73.39700,54.90500,
461,1974_,407_1974,AUG,29,09:59:56.2,NZ-NS,73.39700,54.90500,
462,1974_,406_Gorizont-1_1974,AUG,29,15:00:00.4,-RU,67.08500,62.62500,
463,1974_,408_1974,SEP,13,03:03:00.0,STS-D,49.76972,78.05528,
464,1974_,409_Kristall_1974,OCT,2,01:00:01.1,-RU,66.10000,112.65000,
465,1974_,410_Argon-3_1974,OCT,16,06:33:00.14,STS-B,49.98750,78.89417,
466,1974_,411_1974,NOV,2,05:00:00.0,NZ-SS,70.81000,53.91000,
467,1974_,412_1974,NOV,28,05:57:00.0,STS-SU,49.95000,77.70000,
468,1974_,413_Lazurit_1974,DEC,7,05:59:59.0,STS-M,49.91600,77.60500,
469,1974_,414_1974,DEC,16,06:23:00.14,STS-D,49.76778,78.08167,
470,1974_,415_1974,DEC,16,06:41:00.34,STS-D,49.83306,78.02667,
471,1974_,416_1974,DEC,27,05:46:59.49,STS-B,49.96583,79.00333,
472,1975_,417_1975,FEB,20,05:33:00.0,STS-D,49.77750,78.01556,
473,1975_,417_1975,FEB,20,05:33:00.0,STS-D,49.77750,78.01556,
474,1975_,417_1975,FEB,20,05:33:00.0,STS-D,49.77750,78.01556,
475,1975_,418_1975,FEB,20,05:33,STS-D,49.79889,78.00139,
476,1975_,419_1975,MAR,11,05:43:00.1,STS-D,49.75472,78.10750,
477,1975_,420_1975,APR,25,05:00:00.0,-KZ-BA,47.90900,47.91200,
478,1975_,421_1975,APR,27,05:36:59.78,STS-B,49.93750,78.90361,
479,1975_,422_1975,JUN,8,03:27:00.0,STS-D,49.75167,78.00583,
480,1975_,423_1975,JUN,30,03:27:00.25,STS-B,49.98556,78.89694,
481,1975_,424_1975,JUL,15,02:57:00.0,STS-D,49.79139,78.09444,
482,1975_,424_1975,JUL,15,02:57:00.0,STS-D,49.79139,78.09444,
483,1975_,425_1975,AUG,7,03:57:00.1,STS-D,49.80194,78.13056,
484,1975_,425_1975,AUG,7,03:57:00,STS-D,49.80139,78.12833,
485,1975_,426_Gorizont-4_1975,AUG,12,15:00:00.6,-RU,70.76300,126.95300,
486,1975_,427_1975,AUG,23,08:59:58.25,NZ-NS,73.33400,54.68200,
487,1975_,427_1975,AUG,23,08:59:58.3,NZ-NS,73.33400,54.68200,
488,1975_,427_1975,AUG,23,08:59:58.3,NZ-NS,73.33400,54.68200,
489,1975_,427_1975,AUG,23,08:59:58.3,NZ-NS,73.33400,54.68200,
490,1975_,427_1975,AUG,23,08:59:58.3,NZ-NS,73.33400,54.68200,
491,1975_,427_1975,AUG,23,08:59:58.3,NZ-NS,73.33400,54.68200,
492,1975_,427_1975,AUG,23,08:59:58.3,NZ-NS,73.33400,54.68200,
493,1975_,427_1975,AUG,23,08:59:58.3,NZ-NS,73.33400,54.68200,
494,1975_,428_Gorizont-3_1975,SEP,29,11:00:00.4,-RU-K,69.57800,90.33700,
495,1975_,429_1975,OCT,5,04:27:00.0,STS-D,49.78306,78.08667,
496,1975_,430_1975,OCT,18,09:00,NZ-SS,70.81600,53.74400,
497,1975_,430_1975,OCT,18,09:00,NZ-SS,70.81600,53.74400,
498,1975_,431_1975,OCT,18,08:59:59.4,NZ-SS,70.81600,53.75300,
499,1975_,432_1975,OCT,21,11:59:58.03,NZ-NS,73.30700,55.01000,
500,1975_,432_1975,OCT,21,11:59:58.0,NZ-NS,73.30700,55.01000,
501,1975_,432_1975,OCT,21,11:59:58.0,NZ-NS,73.30700,55.01000,
502,1975_,432_1975,OCT,21,11:59:58.0,NZ-NS,73.30700,55.01000,
503,1975_,432_1975,OCT,21,11:59:58.0,NZ-NS,73.30700,55.01000,
504,1975_,433_1975,OCT,29,04:46:59.89,STS-B,49.95389,78.87389,
505,1975_,434_1975,DEC,13,04:56:59.99,STS-D,49.81333,78.10861,
506,1975_,435_1975,DEC,25,05:16:59.67,STS-B,50.04389,78.82000,
507,1976_,436_1976,JAN,15,04:46:59.97,STS-D,49.81000,78.17139,
508,1976_,437_1976,MAR,17,02:57:00.0,STS-D,49.75556,78.09917,
509,1976_,438_1976,MAR,29,07:00:00.2,-KZ-BA,47.89700,48.13300,
510,1976_,439_1976,APR,10,05:03:00.0,STS-D,49.75500,78.04750,
511,1976_,441_1976,APR,21,04:58:00.16,STS-D,49.75472,78.10750,
512,1976_,440_1976,APR,21,05:02:59.70,STS-B,49.90056,78.83083,
513,1976_,442_1976,MAY,19,02:57:00.2,STS-D,49.77750,78.01556,
514,1976_,443_1976,JUN,9,03:02:59.79,STS-B,49.99361,79.02444,
515,1976_,444_1976,JUL,4,02:56:59.99,STS-B,49.90417,78.89944,
516,1976_,445_1976,JUL,23,02:33:00.19,STS-D,49.74333,78.05167,
517,1976_,446_1976,JUL,29,05:00:00.5,-KZ-BA,47.87000,48.15000,
518,1976_,447_1976,AUG,4,02:57:00.0,STS-SU?,49.87000,77.70000,
519,1976_,448_1976,AUG,28,02:57:00.04,STS-B,49.97500,78.92639,
520,1976_,449_1976,SEP,29,02:59:57.7,NZ-NS,73.36000,54.87100,
521,1976_,449_1976,SEP,29,02:59:57.7,NZ-NS,73.36000,54.87100,
522,1976_,450_1976,OCT,20,07:59:58.07,NZ-NS,73.39800,54.81200,
523,1976_,450_1976,OCT,20,07:59:58.1,NZ-NS,73.39800,54.81200,
524,1976_,450_1976,OCT,20,07:59:58.1,NZ-NS,73.39800,54.81200,
525,1976_,450_1976,OCT,20,07:59:58.1,NZ-NS,73.39800,54.81200,
526,1976_,451_1976,OCT,30,04:57:00.21,STS-D,49.83139,78.05722,
527,1976_,452_Oka_1976,NOV,5,04:00:00.0,-RU-YK,61.45800,112.86000,
528,1976_,453_1976,NOV,23,05:02:59.84,STS-B,50.01306,78.94333,
529,1976_,454_1976,DEC,7,04:56:59.98,STS-B,49.94389,78.83917,
530,1976_,454_1976,DEC,7,04:57:00.0,STS-B,49.94389,78.83917,
531,1976_,455_1976,DEC,7,04:57,STS-B,49.89917,78.78639,
532,1976_,456_1976,DEC,30,03:57:00.31,STS-D,49.78028,78.03667,
533,1976_,456_1976,DEC,30,03:57:00.3,STS-D,49.78028,78.03667,
534,1977_,458_1977,MAR,29,03:56:58,STS-D?,49.97000,78.08600,
535,1977_,457_1977,MAR,29,03:56:59.95,STS-D,49.77639,78.01750,
536,1977_,457_1977,MAR,29,03:57:00.0,STS-D,49.77639,78.01750,
537,1977_,457_1977,MAR,29,03:57:00.0,STS-D,49.77639,78.01750,
538,1977_,459_1977,APR,25,04:07:00.16,STS-D,49.81333,78.10861,
539,1977_,460_1977,MAY,29,02:57:00.13,STS-B,49.94639,78.77167,
540,1977_,461_1977,JUN,29,03:07:00.24,STS-B,49.99944,78.86667,
541,1977_,462_Meteorit-2_1977,JUL,26,17:00:00.2,-RU-K,69.57500,90.37500,
542,1977_,463_1977,JUL,30,01:57:00.11,STS-D,49.75056,78.04917,
543,1977_,463_1977,JUL,30,01:57:00.1,STS-D,49.75056,78.04917,
544,1977_,464_Meteorit-5_1977,AUG,10,22:00:00.1,-RU,50.95500,110.98300,
545,1977_,465_1977,AUG,17,04:26:59.97,STS-D,49.83083,78.11389,
546,1977_,466_Meteorit-3_1977,AUG,20,22:00:00.8,-RU-K,64.10800,99.55800,
547,1977_,467_1977,SEP,1,02:59:57.97,NZ-NS,73.33900,54.61900,
548,1977_,467_1977,SEP,1,02:59:58.0,NZ-NS,73.33900,54.61900,
549,1977_,467_1977,SEP,1,02:59:58.0,NZ-NS,73.33900,54.61900,
550,1977_,467_1977,SEP,1,02:59:58.0,NZ-NS,73.33900,54.61900,
551,1977_,468_1977,SEP,5,03:02:59.96,STS-B,50.05556,78.91417,
552,1977_,468_1977,SEP,5,03:03:00.0,STS-B,50.05556,78.91417,
553,1977_,469_Meteorit-4_1977,SEP,10,16:00:00.2,-RU,57.25100,106.55100,
554,1977_,470_Galit_1977,SEP,30,06:59:58.4,-KZ-BA,47.89700,48.16100,
555,1977_,471_1977,OCT,9,10:59:58.12,NZ-NS,73.40900,54.92700,
556,1977_,472_1977,OCT,14,06:59:59.1,-KZ-BA,47.90900,47.91200,
557,1977_,473_1977,OCT,29,03:06:59.97,STS-D,49.83417,78.08028,
558,1977_,473_1977,OCT,29,03:07:00.0,STS-D,49.83417,78.08028,
559,1977_,474_1977,OCT,29,03:07:04.92,STS-B,50.05222,78.98028,
560,1977_,475_1977,OCT,30,06:59:59.1,-KZ-BA,47.90900,47.91200,
561,1977_,476_1977,NOV,12,05:11:00.0,STS-B,50.05222,78.86444,
562,1977_,477_1977,NOV,27,03:57:00.0,STS-D,49.75444,78.05028,
563,1977_,478_1977,NOV,30,04:06:59.94,STS-B,49.96722,78.87444,
564,1977_,478_1977,NOV,30,04:06:59.9,STS-B,49.96722,78.87444,
565,1977_,479_1977,DEC,26,04:03,STS-D,49.81083,78.05417,
566,1977_,480_1977,DEC,26,04:03:00.24,STS-D,49.80139,78.12833,
567,1977_,480_1977,DEC,26,04:03:00,STS-D,49.80194,78.13056,
568,1977_,480_1977,DEC,26,04:03:00,STS-D,49.80194,78.13056,
569,1977_,480_1977,DEC,26,04:03:00,STS-D,49.80194,78.13056,
570,1978_,481_1978,MAR,19,03:46:59.82,STS-SU,49.94500,77.70400,
571,1978_,482_1978,MAR,26,03:56:59.96,STS-D,49.76194,77.98250,
572,1978_,482_1978,MAR,26,03:57:00.0,STS-D,49.76194,77.98250,
573,1978_,483_1978,APR,22,03:07:00.01,STS-D,49.75167,78.13167,
574,1978_,483_1978,APR,22,03:07:00.0,STS-D,49.75167,78.13167,
575,1978_,483_1978,APR,22,03:07:00.0,STS-D,49.75167,78.13167,
576,1978_,484_1978,MAY,24,03:07:00,STS-D,49.74333,78.05167,
577,1978_,485_1978,MAY,29,04:56:59.85,STS-D,49.79139,78.09444,
578,1978_,486_1978,JUN,2,00:00:00.0,STS-D,49.74333,78.05167,
579,1978_,487_1978,JUN,11,02:57:00.14,STS-B,49.91333,78.80194,
580,1978_,488_1978,JUL,5,02:47:00.05,STS-B,49.90000,78.86667,
581,1978_,489_1978,JUL,28,02:46:59.89,STS-D,49.75500,78.14500,
582,1978_,489_1978,JUL,28,02:46:59.9,STS-D,49.75500,78.14500,
583,1978_,489_1978,JUL,28,02:46:59.9,STS-D,49.75500,78.14500,
584,1978_,489_1978,JUL,28,02:46:59.9,STS-D,49.75500,78.14500,
585,1978_,489_1978,JUL,28,02:46:59.9,STS-D,49.75500,78.14500,
586,1978_,490_Kraton-4_1978,AUG,9,18:00:00.8,-RU,63.67800,125.52200,
587,1978_,491_1978,AUG,10,07:59:57.93,NZ-NS,73.29100,54.88300,
588,1978_,491_1978,AUG,10,07:59:57.9,NZ-NS,73.29100,54.88300,
589,1978_,491_1978,AUG,10,07:59:57.9,NZ-NS,73.29100,54.88300,
590,1978_,491_1978,AUG,10,07:59:57.9,NZ-NS,73.29100,54.88300,
591,1978_,491_1978,AUG,10,07:59:57.9,NZ-NS,73.29100,54.88300,
592,1978_,491_1978,AUG,10,07:59:57.9,NZ-NS,73.29100,54.88300,
593,1978_,492_Kraton-3_1978,AUG,24,18:00:00.4,-RU,65.92500,112.33800,
594,1978_,493_1978,AUG,29,02:36:59.95,STS-D,49.81333,78.10861,
595,1978_,493_1978,AUG,29,02:37:00.0,STS-D,49.81333,78.10861,
596,1978_,493_1978,AUG,29,02:37:00.0,STS-D,49.81333,78.10861,
597,1978_,494_1978,AUG,29,02:37:08.75,STS-B,50.00611,78.96722,
598,1978_,495_1978,SEP,12,04:59:58.5,-KZ-BA,47.90900,47.91200,
599,1978_,496_1978,SEP,15,02:36:59.97,STS-B,49.92833,78.86167,
600,1978_,497_1978,SEP,20,05:03:00.0,STS-D,49.79861,78.15000,
601,1978_,498_Kraton-2_1978,SEP,21,15:00:00.2,-RU-K,66.59800,86.21000,
602,1978_,499_1978,SEP,27,02:04:58.6,NZ-NS,73.34900,54.67600,
603,1978_,499_1978,SEP,27,02:04:58.6,NZ-NS,73.34900,54.67600,
604,1978_,499_1978,SEP,27,02:04:58.6,NZ-NS,73.34900,54.67600,
605,1978_,499_1978,SEP,27,02:04:58.6,NZ-NS,73.34900,54.67600,
606,1978_,499_1978,SEP,27,02:04:58.6,NZ-NS,73.34900,54.67600,
607,1978_,499_1978,SEP,27,02:04:58.6,NZ-NS,73.34900,54.67600,
608,1978_,499_1978,SEP,27,02:04:58.6,NZ-NS,73.34900,54.67600,
609,1978_,500_Vyatka_1978,OCT,8,00:00,-RU-YK,61.55000,112.85000,
610,1978_,501_1978,OCT,15,05:37:00.14,STS-D,49.73667,78.11111,
611,1978_,502_Galit_1978,OCT,17,04:59:59.1,-KZ-BA,47.85000,48.12000,
612,1978_,502_Galit_1978,OCT,17,04:59:59.1,-KZ-BA,47.85000,48.12000,
613,1978_,503_Kraton-1_1978,OCT,17,14:00:00.2,-RU-T,63.18500,63.43200,
614,1978_,504_1978,OCT,31,04:17:00.19,STS-D,49.78861,78.10750,
615,1978_,505_1978,NOV,4,05:05:59.86,STS-B,50.04167,78.94722,
616,1978_,505_1978,NOV,4,05:05:59.9,STS-B,50.04167,78.94722,
617,1978_,506_1978,NOV,29,04:33:00.17,STS-B,49.95333,78.79528,
618,1978_,506_1978,NOV,29,04:33:00.2,STS-B,49.95333,78.79528,
619,1978_,507_1978,NOV,29,04:33:04.99,STS-D,49.78333,78.01556,
620,1978_,508_1978,NOV,30,07:59:59.1,-KZ-BA,47.90900,47.91200,
621,1978_,509_1978,DEC,14,04:43:00.03,STS-D,49.81583,78.10667,
622,1978_,510_Galit_1978,DEC,18,07:59:58.5,-KZ-BA,47.86000,48.16000,
623,1978_,511_1978,DEC,20,04:33:00.04,STS-D,49.81083,78.05417,
624,1978_,511_1978,DEC,20,04:33:00.0,STS-D,49.81083,78.05417,
,
